Date,Latitude,Longitude,Place,Parameter,Value,Error,Unit of measure
2001-01-01,-67.6026944444,62.8738055556,Mawson,Fuel usage,36831,,litres
2001-02-01,-67.6026944444,62.8738055556,Mawson,Fuel usage,39571,,litres
2001-03-01,-67.6026944444,62.8738055556,Mawson,Fuel usage,45127,,litres
2001-04-01,-67.6026944444,62.8738055556,Mawson,Fuel usage,52466,,litres
2001-05-01,-67.6026944444,62.8738055556,Mawson,Fuel usage,53685,,litres
2001-06-01,-67.6026944444,62.8738055556,Mawson,Fuel usage,53264,,litres
2001-07-01,-67.6026944444,62.8738055556,Mawson,Fuel usage,56715,,litres
2001-08-01,-67.6026944444,62.8738055556,Mawson,Fuel usage,59503,,litres
2001-09-01,-67.6026944444,62.8738055556,Mawson,Fuel usage,54855,,litres
2001-10-01,-67.6026944444,62.8738055556,Mawson,Fuel usage,50538,,litres
2001-11-01,-67.6026944444,62.8738055556,Mawson,Fuel usage,42353,,litres
2001-12-01,-67.6026944444,62.8738055556,Mawson,Fuel usage,40945,,litres
2002-01-01,-67.6026944444,62.8738055556,Mawson,Fuel usage,37370,,litres
2002-02-01,-67.6026944444,62.8738055556,Mawson,Fuel usage,37502,,litres
2002-03-01,-67.6026944444,62.8738055556,Mawson,Fuel usage,47340,,litres
2002-04-01,-67.6026944444,62.8738055556,Mawson,Fuel usage,50658,,litres
2002-05-01,-67.6026944444,62.8738055556,Mawson,Fuel usage,54016,,litres
2002-06-01,-67.6026944444,62.8738055556,Mawson,Fuel usage,56689,,litres
2002-07-01,-67.6026944444,62.8738055556,Mawson,Fuel usage,56077,,litres
2002-08-01,-67.6026944444,62.8738055556,Mawson,Fuel usage,55538,,litres
2002-09-01,-67.6026944444,62.8738055556,Mawson,Fuel usage,50089,,litres
2002-10-01,-67.6026944444,62.8738055556,Mawson,Fuel usage,52785,,litres
2002-11-01,-67.6026944444,62.8738055556,Mawson,Fuel usage,45700,,litres
2002-12-01,-67.6026944444,62.8738055556,Mawson,Fuel usage,40148,,litres
2003-01-01,-67.6026944444,62.8738055556,Mawson,Fuel usage,35652,,litres
2003-02-01,-67.6026944444,62.8738055556,Mawson,Fuel usage,29850,,litres
2003-03-01,-67.6026944444,62.8738055556,Mawson,Fuel usage,27240,,litres
2003-04-01,-67.6026944444,62.8738055556,Mawson,Fuel usage,35784,,litres
2003-05-01,-67.6026944444,62.8738055556,Mawson,Fuel usage,35848,,litres
2003-06-01,-67.6026944444,62.8738055556,Mawson,Fuel usage,37692,,litres
2003-07-01,-67.6026944444,62.8738055556,Mawson,Fuel usage,42260,,litres
2003-08-01,-67.6026944444,62.8738055556,Mawson,Fuel usage,45466,,litres
2003-09-01,-67.6026944444,62.8738055556,Mawson,Fuel usage,40183,,litres
2003-10-01,-67.6026944444,62.8738055556,Mawson,Fuel usage,30214,,litres
2003-11-01,-67.6026944444,62.8738055556,Mawson,Fuel usage,29937,,litres
2003-12-01,-67.6026944444,62.8738055556,Mawson,Fuel usage,28098,,litres
2004-01-01,-67.6026944444,62.8738055556,Mawson,Fuel usage,26813,,litres
2004-02-01,-67.6026944444,62.8738055556,Mawson,Fuel usage,30456,,litres
2004-03-01,-67.6026944444,62.8738055556,Mawson,Fuel usage,34493,,litres
2004-04-01,-67.6026944444,62.8738055556,Mawson,Fuel usage,39088,,litres
2004-05-01,-67.6026944444,62.8738055556,Mawson,Fuel usage,36841,,litres
2004-06-01,-67.6026944444,62.8738055556,Mawson,Fuel usage,48628,,litres
2004-07-01,-67.6026944444,62.8738055556,Mawson,Fuel usage,45693,,litres
2004-08-01,-67.6026944444,62.8738055556,Mawson,Fuel usage,34251,,litres
2004-09-01,-67.6026944444,62.8738055556,Mawson,Fuel usage,34683,,litres
2004-10-01,-67.6026944444,62.8738055556,Mawson,Fuel usage,32596,,litres
2004-11-01,-67.6026944444,62.8738055556,Mawson,Fuel usage,28652,,litres
2004-12-01,-67.6026944444,62.8738055556,Mawson,Fuel usage,25344,,litres
2005-01-01,-67.6026944444,62.8738055556,Mawson,Fuel usage,30882,,litres
2005-02-01,-67.6026944444,62.8738055556,Mawson,Fuel usage,28616,,litres
2005-03-01,-67.6026944444,62.8738055556,Mawson,Fuel usage,30238,,litres
2005-04-01,-67.6026944444,62.8738055556,Mawson,Fuel usage,38349,,litres
2005-05-01,-67.6026944444,62.8738055556,Mawson,Fuel usage,51229,,litres
2005-06-01,-67.6026944444,62.8738055556,Mawson,Fuel usage,33661,,litres
2005-07-01,-67.6026944444,62.8738055556,Mawson,Fuel usage,50726,,litres
2005-08-01,-67.6026944444,62.8738055556,Mawson,Fuel usage,44143,,litres
2005-09-01,-67.6026944444,62.8738055556,Mawson,Fuel usage,38300,,litres
2005-10-01,-67.6026944444,62.8738055556,Mawson,Fuel usage,35050,,litres
2005-11-01,-67.6026944444,62.8738055556,Mawson,Fuel usage,24680,,litres
2005-12-01,-67.6026944444,62.8738055556,Mawson,Fuel usage,28472,,litres
2006-01-01,-67.6026944444,62.8738055556,Mawson,Fuel usage,34356,,litres
2006-02-01,-67.6026944444,62.8738055556,Mawson,Fuel usage,24641,,litres
2006-03-01,-67.6026944444,62.8738055556,Mawson,Fuel usage,30904,,litres
2006-04-01,-67.6026944444,62.8738055556,Mawson,Fuel usage,21235,,litres
2006-05-01,-67.6026944444,62.8738055556,Mawson,Fuel usage,45658,,litres
2006-06-01,-67.6026944444,62.8738055556,Mawson,Fuel usage,31052,,litres
2006-07-01,-67.6026944444,62.8738055556,Mawson,Fuel usage,43473,,litres
2006-08-01,-67.6026944444,62.8738055556,Mawson,Fuel usage,40448,,litres
2006-09-01,-67.6026944444,62.8738055556,Mawson,Fuel usage,36661,,litres
2006-10-01,-67.6026944444,62.8738055556,Mawson,Fuel usage,30967,,litres
2006-11-01,-67.6026944444,62.8738055556,Mawson,Fuel usage,23496,,litres
2006-12-01,-67.6026944444,62.8738055556,Mawson,Fuel usage,24284,,litres
2007-01-01,-67.6026944444,62.8738055556,Mawson,Fuel usage,32332,,litres
2007-02-01,-67.6026944444,62.8738055556,Mawson,Fuel usage,24330,,litres
2007-03-01,-67.6026944444,62.8738055556,Mawson,Fuel usage,29201,,litres
2007-04-01,-67.6026944444,62.8738055556,Mawson,Fuel usage,35533,,litres
2007-05-01,-67.6026944444,62.8738055556,Mawson,Fuel usage,29720,,litres
2007-06-01,-67.6026944444,62.8738055556,Mawson,Fuel usage,30077,,litres
2007-07-01,-67.6026944444,62.8738055556,Mawson,Fuel usage,29449,,litres
2007-08-01,-67.6026944444,62.8738055556,Mawson,Fuel usage,36777,,litres
2007-09-01,-67.6026944444,62.8738055556,Mawson,Fuel usage,35755,,litres
2007-10-01,-67.6026944444,62.8738055556,Mawson,Fuel usage,31896,,litres
2007-11-01,-67.6026944444,62.8738055556,Mawson,Fuel usage,25224,,litres
2007-12-01,-67.6026944444,62.8738055556,Mawson,Fuel usage,37601,,litres
2008-01-01,-67.6026944444,62.8738055556,Mawson,Fuel usage,27326,,litres
2008-02-01,-67.6026944444,62.8738055556,Mawson,Fuel usage,21574,,litres
2008-03-01,-67.6026944444,62.8738055556,Mawson,Fuel usage,26214,,litres
2008-04-01,-67.6026944444,62.8738055556,Mawson,Fuel usage,32745,,litres
2008-05-01,-67.6026944444,62.8738055556,Mawson,Fuel usage,25445,,litres
2008-06-01,-67.6026944444,62.8738055556,Mawson,Fuel usage,32107,,litres
2008-07-01,-67.6026944444,62.8738055556,Mawson,Fuel usage,39812,,litres
2008-08-01,-67.6026944444,62.8738055556,Mawson,Fuel usage,38285,,litres
2008-09-01,-67.6026944444,62.8738055556,Mawson,Fuel usage,36741,,litres
2008-10-01,-67.6026944444,62.8738055556,Mawson,Fuel usage,31446,,litres
2008-11-01,-67.6026944444,62.8738055556,Mawson,Fuel usage,25243,,litres
2008-12-01,-67.6026944444,62.8738055556,Mawson,Fuel usage,33015,,litres
2009-01-01,-67.6026944444,62.8738055556,Mawson,Fuel usage,29292,,litres
2009-02-01,-67.6026944444,62.8738055556,Mawson,Fuel usage,22152,,litres
2009-03-01,-67.6026944444,62.8738055556,Mawson,Fuel usage,20817,,litres
2009-04-01,-67.6026944444,62.8738055556,Mawson,Fuel usage,28998,,litres
2009-05-01,-67.6026944444,62.8738055556,Mawson,Fuel usage,33356,,litres
2009-06-01,-67.6026944444,62.8738055556,Mawson,Fuel usage,34514,,litres
2009-07-01,-67.6026944444,62.8738055556,Mawson,Fuel usage,32417,,litres
2009-08-01,-67.6026944444,62.8738055556,Mawson,Fuel usage,37963,,litres
2009-09-01,-67.6026944444,62.8738055556,Mawson,Fuel usage,30912,,litres
2009-10-01,-67.6026944444,62.8738055556,Mawson,Fuel usage,29516,,litres
2009-11-01,-67.6026944444,62.8738055556,Mawson,Fuel usage,24547,,litres
2009-12-01,-67.6026944444,62.8738055556,Mawson,Fuel usage,56042,,litres
2010-01-01,-67.6026944444,62.8738055556,Mawson,Fuel usage,28132,,litres
2010-02-01,-67.6026944444,62.8738055556,Mawson,Fuel usage,21105,,litres
2010-03-01,-67.6026944444,62.8738055556,Mawson,Fuel usage,20834,,litres
2010-04-01,-67.6026944444,62.8738055556,Mawson,Fuel usage,27516,,litres
2010-05-01,-67.6026944444,62.8738055556,Mawson,Fuel usage,26591,,litres
2010-06-01,-67.6026944444,62.8738055556,Mawson,Fuel usage,30479,,litres
2010-07-01,-67.6026944444,62.8738055556,Mawson,Fuel usage,36020,,litres
2010-08-01,-67.6026944444,62.8738055556,Mawson,Fuel usage,35144,,litres
2010-09-01,-67.6026944444,62.8738055556,Mawson,Fuel usage,32352,,litres
2010-10-01,-67.6026944444,62.8738055556,Mawson,Fuel usage,30210,,litres
2010-11-01,-67.6026944444,62.8738055556,Mawson,Fuel usage,31100,,litres
2010-12-01,-67.6026944444,62.8738055556,Mawson,Fuel usage,22550,,litres
2011-01-01,-67.6026944444,62.8738055556,Mawson,Fuel usage,22539,,litres
2011-02-01,-67.6026944444,62.8738055556,Mawson,Fuel usage,22294,,litres
2011-03-01,-67.6026944444,62.8738055556,Mawson,Fuel usage,24345,,litres
2011-04-01,-67.6026944444,62.8738055556,Mawson,Fuel usage,36200,,litres
2011-05-01,-67.6026944444,62.8738055556,Mawson,Fuel usage,39400,,litres
2011-06-01,-67.6026944444,62.8738055556,Mawson,Fuel usage,32236,,litres
2011-07-01,-67.6026944444,62.8738055556,Mawson,Fuel usage,38027,,litres
2011-08-01,-67.6026944444,62.8738055556,Mawson,Fuel usage,27433,,litres
2011-09-01,-67.6026944444,62.8738055556,Mawson,Fuel usage,34588,,litres
2011-10-01,-67.6026944444,62.8738055556,Mawson,Fuel usage,40321,,litres
2011-11-01,-67.6026944444,62.8738055556,Mawson,Fuel usage,27234,,litres
2011-12-01,-67.6026944444,62.8738055556,Mawson,Fuel usage,32178,,litres
2012-01-01,-67.6026944444,62.8738055556,Mawson,Fuel usage,24564,,litres
2012-02-01,-67.6026944444,62.8738055556,Mawson,Fuel usage,20500,,litres
2012-03-01,-67.6026944444,62.8738055556,Mawson,Fuel usage,26511,,litres
2012-04-01,-67.6026944444,62.8738055556,Mawson,Fuel usage,36085,,litres
2012-05-01,-67.6026944444,62.8738055556,Mawson,Fuel usage,41728,,litres
2012-06-01,-67.6026944444,62.8738055556,Mawson,Fuel usage,46463,,litres
2012-07-01,-67.6026944444,62.8738055556,Mawson,Fuel usage,44269,,litres
2012-08-01,-67.6026944444,62.8738055556,Mawson,Fuel usage,37428,,litres
2012-09-01,-67.6026944444,62.8738055556,Mawson,Fuel usage,38394,,litres
2012-10-01,-67.6026944444,62.8738055556,Mawson,Fuel usage,37149,,litres
2012-11-01,-67.6026944444,62.8738055556,Mawson,Fuel usage,23350,,litres
2012-12-01,-67.6026944444,62.8738055556,Mawson,Fuel usage,23983,,litres
2013-01-01,-67.6026944444,62.8738055556,Mawson,Fuel usage,29294,,litres
2013-02-01,-67.6026944444,62.8738055556,Mawson,Fuel usage,21857,,litres
2013-03-01,-67.6026944444,62.8738055556,Mawson,Fuel usage,30991,,litres
2013-04-01,-67.6026944444,62.8738055556,Mawson,Fuel usage,32814,,litres
2013-05-01,-67.6026944444,62.8738055556,Mawson,Fuel usage,37963,,litres
2013-06-01,-67.6026944444,62.8738055556,Mawson,Fuel usage,36199,,litres
2013-07-01,-67.6026944444,62.8738055556,Mawson,Fuel usage,36121,,litres
2013-08-01,-67.6026944444,62.8738055556,Mawson,Fuel usage,32268,,litres
2013-09-01,-67.6026944444,62.8738055556,Mawson,Fuel usage,27422,,litres
2013-10-01,-67.6026944444,62.8738055556,Mawson,Fuel usage,26105,,litres
2013-11-01,-67.6026944444,62.8738055556,Mawson,Fuel usage,35812,,litres
2013-12-01,-67.6026944444,62.8738055556,Mawson,Fuel usage,31588,,litres
2014-01-01,-67.6026944444,62.8738055556,Mawson,Fuel usage,28641,,litres
2014-02-01,-67.6026944444,62.8738055556,Mawson,Fuel usage,18530,,litres
2014-03-01,-67.6026944444,62.8738055556,Mawson,Fuel usage,23643,,litres
2014-04-01,-67.6026944444,62.8738055556,Mawson,Fuel usage,18399,,litres
2014-05-01,-67.6026944444,62.8738055556,Mawson,Fuel usage,23181,,litres
2014-06-01,-67.6026944444,62.8738055556,Mawson,Fuel usage,31975,,litres
2014-07-01,-67.6026944444,62.8738055556,Mawson,Fuel usage,29300,,litres
2014-08-01,-67.6026944444,62.8738055556,Mawson,Fuel usage,21689,,litres
2014-09-01,-67.6026944444,62.8738055556,Mawson,Fuel usage,16479,,litres
2014-10-01,-67.6026944444,62.8738055556,Mawson,Fuel usage,18546,,litres
2014-11-01,-67.6026944444,62.8738055556,Mawson,Fuel usage,19103,,litres
2014-12-01,-67.6026944444,62.8738055556,Mawson,Fuel usage,17769,,litres
2015-01-01,-67.6026944444,62.8738055556,Mawson,Fuel usage,22157,,litres
2015-02-01,-67.6026944444,62.8738055556,Mawson,Fuel usage,15705,,litres
2015-03-01,-67.6026944444,62.8738055556,Mawson,Fuel usage,18157,,litres
2015-04-01,-67.6026944444,62.8738055556,Mawson,Fuel usage,21976,,litres
2015-05-01,-67.6026944444,62.8738055556,Mawson,Fuel usage,40926,,litres
2015-06-01,-67.6026944444,62.8738055556,Mawson,Fuel usage,31682,,litres
2015-07-01,-67.6026944444,62.8738055556,Mawson,Fuel usage,44776,,litres
2015-08-01,-67.6026944444,62.8738055556,Mawson,Fuel usage,36469,,litres
2015-09-01,-67.6026944444,62.8738055556,Mawson,Fuel usage,29212,,litres
2015-10-01,-67.6026944444,62.8738055556,Mawson,Fuel usage,23384,,litres
2015-11-01,-67.6026944444,62.8738055556,Mawson,Fuel usage,22961,,litres
2015-12-01,-67.6026944444,62.8738055556,Mawson,Fuel usage,3148,,litres
2016-01-01,-67.6026944444,62.8738055556,Mawson,Fuel usage,27815,,litres
2016-02-01,-67.6026944444,62.8738055556,Mawson,Fuel usage,19142,,litres
